repo,number,state,merged,created_at,closed_or_merged_at,additions,deletions,changed_files,description_length,comments,review_comments,participants
freeCodeCamp/freeCodeCamp,59600,closed,True,2025-04-04T14:17:13Z,2025-04-04T15:15:56Z,1,1,1,47,0,0,2
freeCodeCamp/freeCodeCamp,59576,closed,True,2025-04-03T15:52:45Z,2025-04-03T19:14:48Z,4,1,2,1356,0,0,2
freeCodeCamp/freeCodeCamp,59572,closed,False,2025-04-03T15:17:03Z,2025-04-03T15:58:16Z,3,3,1,854,1,1,1
freeCodeCamp/freeCodeCamp,59570,closed,True,2025-04-03T14:49:04Z,2025-04-03T16:27:39Z,29,2,1,818,0,0,2
freeCodeCamp/freeCodeCamp,59569,closed,True,2025-04-03T13:40:08Z,2025-04-03T16:02:05Z,75,119,9,775,3,0,2
freeCodeCamp/freeCodeCamp,59568,closed,True,2025-04-03T13:11:14Z,2025-04-03T13:53:03Z,1,0,1,862,0,0,2
freeCodeCamp/freeCodeCamp,59560,closed,True,2025-04-03T01:36:32Z,2025-04-03T06:36:47Z,1,1,1,462,1,0,2
freeCodeCamp/freeCodeCamp,59559,closed,True,2025-04-02T23:38:02Z,2025-04-03T15:09:33Z,2,1,1,1071,0,0,2
freeCodeCamp/freeCodeCamp,59556,closed,True,2025-04-02T18:31:56Z,2025-04-03T12:14:49Z,8,0,1,1037,0,3,3
freeCodeCamp/freeCodeCamp,59554,closed,False,2025-04-02T18:15:15Z,2025-04-02T19:00:41Z,8,0,1,412,2,0,1
freeCodeCamp/freeCodeCamp,59552,closed,True,2025-04-02T15:57:13Z,2025-04-04T18:04:34Z,391,50,2,870,0,3,2
freeCodeCamp/freeCodeCamp,59550,closed,True,2025-04-02T15:35:20Z,2025-04-03T05:55:38Z,13,1,1,792,0,0,2
freeCodeCamp/freeCodeCamp,59548,closed,True,2025-04-02T14:38:01Z,2025-04-04T17:10:58Z,246,1,2,750,1,7,2
freeCodeCamp/freeCodeCamp,59547,closed,True,2025-04-02T12:26:09Z,2025-04-02T14:50:04Z,10,70,10,45,0,0,2
freeCodeCamp/freeCodeCamp,59540,closed,True,2025-04-02T03:21:13Z,2025-04-03T18:53:19Z,1,1,1,750,0,0,2
freeCodeCamp/freeCodeCamp,59539,closed,True,2025-04-01T21:46:01Z,2025-04-03T18:47:34Z,7,1,1,952,0,0,2
freeCodeCamp/freeCodeCamp,59537,closed,True,2025-04-01T19:50:50Z,2025-04-03T05:57:35Z,4,4,4,750,0,0,3
freeCodeCamp/freeCodeCamp,59534,closed,True,2025-04-01T13:35:58Z,2025-04-02T08:41:10Z,3,3,1,420,2,0,2
freeCodeCamp/freeCodeCamp,59531,closed,True,2025-04-01T08:42:26Z,2025-04-01T14:31:13Z,1,1,1,750,0,0,2
freeCodeCamp/freeCodeCamp,59529,closed,True,2025-04-01T03:17:07Z,2025-04-02T09:45:59Z,6,7,1,843,0,0,2
freeCodeCamp/freeCodeCamp,59528,closed,False,2025-04-01T01:49:15Z,2025-04-01T04:51:35Z,6,18,1,834,1,0,1
freeCodeCamp/freeCodeCamp,59527,closed,True,2025-04-01T01:29:05Z,2025-04-01T04:51:02Z,6,18,1,750,0,0,2
freeCodeCamp/freeCodeCamp,59524,closed,True,2025-03-31T21:50:21Z,2025-04-01T04:48:23Z,1,1,1,750,0,0,2
freeCodeCamp/freeCodeCamp,59522,closed,True,2025-03-31T19:00:03Z,2025-04-03T14:16:02Z,9,2,1,750,1,3,3
freeCodeCamp/freeCodeCamp,59521,closed,True,2025-03-31T18:39:53Z,2025-04-01T04:56:25Z,2,2,1,750,0,0,2
freeCodeCamp/freeCodeCamp,59519,closed,True,2025-03-31T16:50:16Z,2025-04-01T04:40:04Z,12,14,1,868,0,0,2
freeCodeCamp/freeCodeCamp,59516,closed,True,2025-03-31T14:10:42Z,2025-03-31T16:41:36Z,1,1,1,47,0,0,2
freeCodeCamp/freeCodeCamp,59514,closed,True,2025-03-31T12:26:29Z,2025-03-31T16:42:38Z,690,250,20,45,0,0,2
freeCodeCamp/freeCodeCamp,59510,closed,True,2025-03-31T06:55:51Z,2025-03-31T15:59:48Z,1,1,1,750,0,0,2
freeCodeCamp/freeCodeCamp,59508,closed,True,2025-03-31T05:33:26Z,2025-04-03T18:41:17Z,9,0,1,927,0,0,2
freeCodeCamp/freeCodeCamp,59507,closed,True,2025-03-30T20:54:37Z,2025-04-02T16:54:00Z,2,2,1,843,1,0,2
freeCodeCamp/freeCodeCamp,59503,closed,True,2025-03-29T23:43:57Z,2025-04-01T05:46:12Z,2,2,1,750,2,0,2
freeCodeCamp/freeCodeCamp,59499,closed,True,2025-03-29T16:39:46Z,2025-03-31T06:27:38Z,1,1,1,733,3,0,2
freeCodeCamp/freeCodeCamp,59497,closed,True,2025-03-29T15:28:43Z,2025-03-29T18:41:59Z,1,1,1,600,0,0,2
freeCodeCamp/freeCodeCamp,59492,closed,True,2025-03-29T00:44:42Z,2025-04-03T16:42:27Z,43,35,1,410,1,2,2
freeCodeCamp/freeCodeCamp,59491,closed,True,2025-03-29T00:28:33Z,2025-03-29T19:13:16Z,1,1,1,893,2,0,2
freeCodeCamp/freeCodeCamp,59487,closed,True,2025-03-28T21:01:31Z,2025-03-30T00:40:29Z,4,4,1,1042,1,0,2
freeCodeCamp/freeCodeCamp,59486,closed,True,2025-03-28T20:55:08Z,2025-04-04T10:41:12Z,237,7,3,798,2,0,2
freeCodeCamp/freeCodeCamp,59484,closed,True,2025-03-28T19:26:42Z,2025-03-31T18:05:56Z,4,4,7,551,0,0,2
freeCodeCamp/freeCodeCamp,59478,closed,True,2025-03-28T11:16:56Z,2025-04-02T14:09:49Z,26,60,7,656,1,0,2
freeCodeCamp/freeCodeCamp,59475,closed,True,2025-03-28T09:25:12Z,2025-03-28T16:53:21Z,3,13,1,970,1,0,2
freeCodeCamp/freeCodeCamp,59474,closed,True,2025-03-28T09:01:54Z,2025-03-28T16:44:57Z,160,155,55,854,1,0,2
freeCodeCamp/freeCodeCamp,59472,closed,True,2025-03-27T19:49:01Z,2025-03-28T05:05:49Z,1,1,1,750,2,0,2
freeCodeCamp/freeCodeCamp,59471,closed,True,2025-03-27T18:27:01Z,2025-03-28T05:31:40Z,1,1,1,47,1,0,2
freeCodeCamp/freeCodeCamp,59470,closed,True,2025-03-27T18:12:24Z,2025-03-31T16:44:22Z,0,323,12,763,0,0,2
freeCodeCamp/freeCodeCamp,59468,closed,True,2025-03-27T16:31:12Z,2025-03-31T06:28:49Z,0,3,1,1049,0,0,2
freeCodeCamp/freeCodeCamp,59467,closed,True,2025-03-27T15:44:19Z,2025-03-27T19:49:35Z,1,0,1,869,2,0,2
freeCodeCamp/freeCodeCamp,59466,closed,True,2025-03-27T15:40:43Z,2025-03-31T16:31:29Z,7,0,1,255,0,0,2
freeCodeCamp/freeCodeCamp,59464,closed,True,2025-03-27T12:07:54Z,2025-03-27T13:48:33Z,1,1,1,985,0,0,2
freeCodeCamp/freeCodeCamp,59463,closed,True,2025-03-27T10:21:29Z,2025-03-27T13:47:55Z,2,2,1,410,0,0,2
freeCodeCamp/freeCodeCamp,59461,closed,True,2025-03-27T08:33:04Z,2025-03-28T03:37:41Z,14,36,4,852,0,2,3
freeCodeCamp/freeCodeCamp,59458,closed,True,2025-03-27T07:39:46Z,2025-03-27T10:16:44Z,1,1,1,409,0,0,2
freeCodeCamp/freeCodeCamp,59457,closed,True,2025-03-27T01:35:00Z,2025-03-27T05:17:34Z,1,1,1,750,0,0,2
freeCodeCamp/freeCodeCamp,59452,closed,True,2025-03-26T16:55:35Z,2025-03-27T17:16:17Z,4,4,3,751,1,0,2
freeCodeCamp/freeCodeCamp,59450,closed,True,2025-03-26T14:38:04Z,2025-03-26T15:14:47Z,1,1,1,1023,3,0,2
freeCodeCamp/freeCodeCamp,59448,closed,True,2025-03-26T14:08:47Z,2025-03-26T15:08:36Z,1,1,1,47,0,0,2
freeCodeCamp/freeCodeCamp,59446,closed,True,2025-03-26T13:20:46Z,2025-03-26T21:34:06Z,5,25,10,783,0,0,2
freeCodeCamp/freeCodeCamp,59445,closed,True,2025-03-26T12:26:32Z,2025-03-26T14:03:51Z,20,20,10,45,0,0,2
freeCodeCamp/freeCodeCamp,59443,closed,True,2025-03-26T11:09:17Z,2025-03-26T13:52:38Z,2,0,1,940,0,0,2
freeCodeCamp/freeCodeCamp,59442,closed,True,2025-03-26T10:45:07Z,2025-03-27T13:40:30Z,553,812,133,1023,2,0,2
freeCodeCamp/freeCodeCamp,59441,closed,True,2025-03-26T10:35:33Z,2025-03-28T00:06:39Z,98,1,2,750,1,3,2
freeCodeCamp/freeCodeCamp,59436,closed,True,2025-03-25T19:48:16Z,2025-03-26T04:06:12Z,2,0,1,750,0,0,3
freeCodeCamp/freeCodeCamp,59433,closed,True,2025-03-25T16:11:57Z,2025-03-25T17:57:07Z,6,6,6,750,0,0,2
freeCodeCamp/freeCodeCamp,59432,closed,True,2025-03-25T15:24:29Z,2025-03-25T21:14:42Z,8,8,1,750,0,5,3
freeCodeCamp/freeCodeCamp,59429,closed,True,2025-03-25T12:05:04Z,2025-03-25T14:24:25Z,2,2,1,435,0,0,2
freeCodeCamp/freeCodeCamp,59425,closed,True,2025-03-25T09:29:21Z,2025-03-25T18:28:26Z,2,2,1,928,0,0,2
freeCodeCamp/freeCodeCamp,59420,closed,True,2025-03-25T09:06:44Z,2025-03-27T04:01:51Z,102,177,2,881,0,0,2
freeCodeCamp/freeCodeCamp,59418,closed,False,2025-03-25T08:10:38Z,2025-03-25T17:15:17Z,54,17,1,0,0,0,1
freeCodeCamp/freeCodeCamp,59417,closed,True,2025-03-25T07:55:42Z,2025-03-25T08:36:47Z,15,5,1,846,0,0,3
freeCodeCamp/freeCodeCamp,59416,closed,True,2025-03-25T06:30:54Z,2025-03-25T07:44:36Z,6,6,2,1436,1,1,3
freeCodeCamp/freeCodeCamp,59415,closed,True,2025-03-25T05:02:50Z,2025-03-25T05:51:57Z,5,5,1,1223,0,0,2
freeCodeCamp/freeCodeCamp,59414,closed,True,2025-03-25T04:51:27Z,2025-03-25T05:53:15Z,2,2,2,819,0,0,2
freeCodeCamp/freeCodeCamp,59411,closed,True,2025-03-25T02:25:37Z,2025-03-25T18:54:44Z,2,2,2,750,0,0,2
freeCodeCamp/freeCodeCamp,59410,closed,True,2025-03-25T00:37:17Z,2025-03-27T13:46:03Z,2,2,1,753,2,0,2
freeCodeCamp/freeCodeCamp,59405,closed,True,2025-03-24T15:17:43Z,2025-03-25T08:08:11Z,99,76,7,750,1,1,2
freeCodeCamp/freeCodeCamp,59403,closed,True,2025-03-24T14:13:15Z,2025-03-24T15:28:01Z,1,1,1,47,0,0,2
freeCodeCamp/freeCodeCamp,59401,closed,True,2025-03-24T14:02:25Z,2025-03-25T08:17:25Z,8,4,3,894,0,0,2
freeCodeCamp/freeCodeCamp,59400,closed,True,2025-03-24T13:08:02Z,2025-03-27T13:37:22Z,13,5,4,750,11,11,5
freeCodeCamp/freeCodeCamp,59398,closed,True,2025-03-24T12:26:09Z,2025-03-24T15:41:58Z,82,202,20,45,0,0,2
freeCodeCamp/freeCodeCamp,59395,closed,True,2025-03-24T05:43:54Z,2025-03-24T14:01:20Z,10,7,3,736,0,0,2
freeCodeCamp/freeCodeCamp,59394,closed,True,2025-03-23T23:56:47Z,2025-03-24T05:10:25Z,1,1,1,395,0,0,2
freeCodeCamp/freeCodeCamp,59393,closed,True,2025-03-23T23:44:18Z,2025-03-24T05:00:30Z,2,2,1,410,0,0,2
freeCodeCamp/freeCodeCamp,59392,closed,True,2025-03-23T19:29:17Z,2025-03-24T05:00:56Z,1,1,1,750,0,0,2
freeCodeCamp/freeCodeCamp,59391,closed,False,2025-03-23T19:10:17Z,2025-03-25T10:17:46Z,8,8,1,414,3,0,1
freeCodeCamp/freeCodeCamp,59385,closed,True,2025-03-22T21:35:10Z,2025-03-23T00:33:57Z,1,1,1,545,0,0,2
freeCodeCamp/freeCodeCamp,59382,closed,True,2025-03-21T16:35:18Z,2025-03-21T18:11:42Z,4,2,1,863,0,1,2
freeCodeCamp/freeCodeCamp,59377,closed,True,2025-03-21T13:18:59Z,2025-03-21T15:25:29Z,0,4,1,758,1,0,2
freeCodeCamp/freeCodeCamp,59376,closed,True,2025-03-21T13:17:30Z,2025-03-25T11:03:22Z,0,26,20,938,3,2,3
freeCodeCamp/freeCodeCamp,59375,closed,True,2025-03-21T12:58:42Z,2025-03-21T16:07:44Z,1,1,1,750,0,0,2
freeCodeCamp/freeCodeCamp,59372,closed,False,2025-03-21T10:25:30Z,2025-03-21T11:13:00Z,0,125,15,954,2,0,1
freeCodeCamp/freeCodeCamp,59370,closed,True,2025-03-21T09:37:51Z,2025-03-21T15:36:51Z,3,3,1,752,1,0,2
freeCodeCamp/freeCodeCamp,59369,closed,True,2025-03-21T09:20:33Z,2025-04-03T06:47:54Z,35,17,2,1192,0,2,3
freeCodeCamp/freeCodeCamp,59367,closed,True,2025-03-21T07:50:37Z,2025-03-21T10:06:01Z,1,1,1,758,3,0,2
freeCodeCamp/freeCodeCamp,59366,closed,True,2025-03-21T06:33:01Z,2025-03-21T15:34:26Z,2,2,1,794,0,1,3
freeCodeCamp/freeCodeCamp,59365,closed,False,2025-03-21T05:36:46Z,2025-03-21T10:06:34Z,1,1,1,994,2,0,1
freeCodeCamp/freeCodeCamp,59362,closed,True,2025-03-20T20:59:06Z,2025-03-21T05:02:59Z,1,1,1,750,0,0,2
freeCodeCamp/freeCodeCamp,59359,closed,True,2025-03-20T19:05:49Z,2025-03-24T08:48:20Z,91,245,1,630,0,0,2
freeCodeCamp/freeCodeCamp,59358,closed,False,2025-03-20T18:42:08Z,2025-03-21T05:17:04Z,4,3,1,884,2,4,1
freeCodeCamp/freeCodeCamp,59355,closed,True,2025-03-20T14:15:37Z,2025-03-21T16:36:21Z,8,1,1,751,0,3,4
freeCodeCamp/freeCodeCamp,59353,closed,True,2025-03-20T09:44:32Z,2025-03-22T20:11:38Z,2,2,2,1698,0,0,2
freeCodeCamp/freeCodeCamp,59352,closed,True,2025-03-20T05:19:30Z,2025-03-20T06:47:42Z,12,12,1,751,1,0,2
freeCodeCamp/freeCodeCamp,59351,closed,True,2025-03-20T04:23:22Z,2025-03-20T06:46:31Z,1,1,1,751,3,0,2
freeCodeCamp/freeCodeCamp,59350,closed,True,2025-03-20T00:28:10Z,2025-03-21T12:59:46Z,12,12,5,1286,2,3,3
freeCodeCamp/freeCodeCamp,59348,closed,True,2025-03-19T20:55:20Z,2025-03-20T05:05:31Z,1,1,1,750,0,0,2
freeCodeCamp/freeCodeCamp,59346,closed,True,2025-03-19T17:11:52Z,2025-03-20T04:04:11Z,4,2,2,547,0,0,2
freeCodeCamp/freeCodeCamp,59345,closed,True,2025-03-19T17:10:19Z,2025-03-21T11:21:35Z,1,1,1,748,0,0,2
freeCodeCamp/freeCodeCamp,59340,closed,True,2025-03-19T13:55:50Z,2025-03-20T14:37:03Z,1,1,1,47,0,0,2
freeCodeCamp/freeCodeCamp,59338,closed,True,2025-03-19T13:20:45Z,2025-03-21T23:14:01Z,20,1,1,750,0,7,4
freeCodeCamp/freeCodeCamp,59337,closed,True,2025-03-19T12:47:31Z,2025-03-20T04:31:57Z,1,1,1,959,0,0,2
freeCodeCamp/freeCodeCamp,59334,closed,True,2025-03-19T08:34:40Z,2025-03-22T14:01:10Z,1,1,1,736,0,1,2
freeCodeCamp/freeCodeCamp,59328,closed,True,2025-03-19T00:10:01Z,2025-03-27T13:55:34Z,1,1,1,1246,2,0,2
freeCodeCamp/freeCodeCamp,59327,closed,True,2025-03-18T20:41:59Z,2025-03-24T10:34:08Z,1,1,1,750,0,1,3
freeCodeCamp/freeCodeCamp,59326,closed,True,2025-03-18T20:15:10Z,2025-03-19T05:23:21Z,1,1,1,750,0,0,2
freeCodeCamp/freeCodeCamp,59321,closed,True,2025-03-18T10:31:43Z,2025-03-18T12:05:22Z,140,97,2,735,1,0,2
freeCodeCamp/freeCodeCamp,59319,closed,True,2025-03-18T10:11:06Z,2025-03-18T15:42:14Z,1,1,1,756,3,0,2
freeCodeCamp/freeCodeCamp,59318,closed,True,2025-03-18T09:08:16Z,2025-03-20T16:18:06Z,87,7,1,794,5,0,2
freeCodeCamp/freeCodeCamp,59315,closed,True,2025-03-18T07:56:12Z,2025-03-18T08:44:08Z,2,2,1,902,1,0,2
freeCodeCamp/freeCodeCamp,59313,closed,True,2025-03-18T05:30:42Z,2025-03-18T09:30:15Z,4,4,1,826,1,0,2
freeCodeCamp/freeCodeCamp,59310,closed,True,2025-03-17T21:06:13Z,2025-03-28T00:14:44Z,21,13,1,750,1,15,4
freeCodeCamp/freeCodeCamp,59306,closed,True,2025-03-17T17:51:38Z,2025-03-25T10:15:39Z,76,25,12,853,9,1,2
freeCodeCamp/freeCodeCamp,59300,closed,True,2025-03-17T14:00:14Z,2025-03-17T14:30:41Z,1,1,1,47,0,0,2
freeCodeCamp/freeCodeCamp,59299,closed,True,2025-03-17T12:25:59Z,2025-03-17T14:06:50Z,60,60,20,45,0,0,2
freeCodeCamp/freeCodeCamp,59297,closed,True,2025-03-17T09:30:40Z,2025-03-19T09:03:45Z,13,4,2,1258,0,0,2
freeCodeCamp/freeCodeCamp,59294,closed,True,2025-03-16T06:48:47Z,2025-03-17T11:40:35Z,1,1,1,771,4,0,2
freeCodeCamp/freeCodeCamp,59287,closed,False,2025-03-15T07:51:37Z,2025-03-15T10:45:30Z,9,0,1,750,0,2,1
freeCodeCamp/freeCodeCamp,59286,closed,True,2025-03-15T07:46:28Z,2025-03-20T20:16:20Z,33,27,2,1482,1,0,2
freeCodeCamp/freeCodeCamp,59283,closed,True,2025-03-14T09:46:07Z,2025-04-04T11:55:44Z,206,29,8,1169,3,1,3
freeCodeCamp/freeCodeCamp,59282,closed,True,2025-03-14T08:53:11Z,2025-04-02T15:37:49Z,16269,23,165,692,5,92,4
freeCodeCamp/freeCodeCamp,59281,closed,True,2025-03-14T07:59:39Z,2025-03-14T18:25:28Z,1,1,1,853,0,0,2
freeCodeCamp/freeCodeCamp,59280,closed,True,2025-03-13T23:27:30Z,2025-03-21T23:05:04Z,12,2,1,750,4,2,2
freeCodeCamp/freeCodeCamp,59279,closed,True,2025-03-13T21:51:47Z,2025-03-17T11:40:19Z,4,4,4,750,2,0,2
freeCodeCamp/freeCodeCamp,59278,closed,True,2025-03-13T21:24:41Z,2025-03-27T13:37:54Z,6405,10,90,1237,5,13,3
freeCodeCamp/freeCodeCamp,59276,closed,False,2025-03-13T18:17:31Z,2025-03-25T14:30:28Z,9,9,1,1056,3,4,2
freeCodeCamp/freeCodeCamp,59272,closed,True,2025-03-13T14:06:23Z,2025-04-02T19:38:14Z,23,16,2,923,0,0,2
freeCodeCamp/freeCodeCamp,59271,closed,True,2025-03-13T11:34:37Z,2025-03-13T12:55:08Z,1,1,1,789,1,0,2
freeCodeCamp/freeCodeCamp,59269,closed,False,2025-03-13T10:06:10Z,2025-03-25T20:10:25Z,7,1,1,751,2,4,2
freeCodeCamp/freeCodeCamp,59268,closed,True,2025-03-13T09:31:36Z,2025-03-13T13:27:20Z,1,1,1,0,0,0,2
freeCodeCamp/freeCodeCamp,59267,closed,True,2025-03-13T07:09:00Z,2025-03-13T14:19:31Z,2,6,2,1121,0,0,2
freeCodeCamp/freeCodeCamp,59263,closed,True,2025-03-12T21:23:43Z,2025-03-24T18:06:34Z,409,102,4,750,2,24,5
freeCodeCamp/freeCodeCamp,59262,closed,True,2025-03-12T20:00:32Z,2025-03-25T21:36:38Z,7,1,1,750,0,7,4
freeCodeCamp/freeCodeCamp,59260,closed,True,2025-03-12T17:45:55Z,2025-03-13T06:46:40Z,4,31,2,1252,1,0,3
freeCodeCamp/freeCodeCamp,59255,closed,True,2025-03-12T14:15:53Z,2025-03-12T17:00:00Z,1,1,1,47,0,0,2
freeCodeCamp/freeCodeCamp,59254,closed,True,2025-03-12T12:26:23Z,2025-03-12T17:01:28Z,68,38,10,45,0,0,2
freeCodeCamp/freeCodeCamp,59252,closed,True,2025-03-12T11:23:24Z,2025-03-13T03:31:46Z,29,7,2,973,2,1,3
freeCodeCamp/freeCodeCamp,59250,closed,True,2025-03-12T10:20:15Z,2025-03-12T12:07:55Z,89,167,2,547,3,1,2
freeCodeCamp/freeCodeCamp,59248,closed,True,2025-03-12T10:08:44Z,2025-03-12T14:55:45Z,4,4,2,751,1,0,2
freeCodeCamp/freeCodeCamp,59245,closed,True,2025-03-12T08:53:24Z,2025-03-12T09:23:58Z,4,4,2,410,0,0,2
freeCodeCamp/freeCodeCamp,59243,closed,True,2025-03-12T08:16:42Z,2025-04-01T05:04:26Z,62,27,4,1245,0,3,4
freeCodeCamp/freeCodeCamp,59239,closed,True,2025-03-12T05:07:44Z,2025-03-12T05:46:25Z,1,1,1,748,0,0,2
freeCodeCamp/freeCodeCamp,59237,closed,True,2025-03-12T01:53:33Z,2025-03-12T03:24:11Z,1,1,1,905,0,0,1
freeCodeCamp/freeCodeCamp,59233,closed,True,2025-03-11T20:51:44Z,2025-03-13T05:29:07Z,5,5,5,750,2,0,2
freeCodeCamp/freeCodeCamp,59229,closed,True,2025-03-11T17:06:25Z,2025-03-11T18:40:53Z,1,1,1,47,0,0,2
freeCodeCamp/freeCodeCamp,59228,closed,True,2025-03-11T16:07:28Z,2025-03-13T22:24:41Z,55,4,4,909,1,0,2
freeCodeCamp/freeCodeCamp,59227,closed,True,2025-03-11T15:36:25Z,2025-03-11T17:44:16Z,490,188,20,45,0,0,2
freeCodeCamp/freeCodeCamp,59226,closed,False,2025-03-11T15:07:41Z,2025-03-12T08:32:37Z,2,2,2,410,0,1,1
freeCodeCamp/freeCodeCamp,59225,closed,True,2025-03-11T15:04:58Z,2025-03-12T12:55:17Z,2,2,2,1110,0,0,2
freeCodeCamp/freeCodeCamp,59222,closed,True,2025-03-11T10:21:20Z,2025-03-14T13:30:23Z,6,148,2,414,6,3,2
freeCodeCamp/freeCodeCamp,59221,closed,True,2025-03-11T09:47:16Z,2025-03-11T15:17:11Z,1,1,1,410,1,0,2
freeCodeCamp/freeCodeCamp,59220,closed,True,2025-03-11T09:09:55Z,2025-03-11T09:40:16Z,1,1,1,750,0,0,2
freeCodeCamp/freeCodeCamp,59218,closed,True,2025-03-11T08:21:08Z,2025-03-22T15:59:05Z,82,183,8,2078,0,4,4
freeCodeCamp/freeCodeCamp,59215,closed,True,2025-03-11T05:56:24Z,2025-03-24T06:06:30Z,14,15,2,750,7,10,3
freeCodeCamp/freeCodeCamp,59212,closed,True,2025-03-10T19:43:49Z,2025-03-11T00:04:08Z,2,2,1,751,0,0,2
freeCodeCamp/freeCodeCamp,59211,closed,True,2025-03-10T19:27:18Z,2025-03-11T18:12:50Z,1,1,1,750,1,0,2
freeCodeCamp/freeCodeCamp,59206,closed,True,2025-03-10T14:08:32Z,2025-03-10T18:01:02Z,1,1,1,47,0,0,2
freeCodeCamp/freeCodeCamp,59203,closed,True,2025-03-10T12:26:00Z,2025-03-10T16:45:17Z,33,21,10,45,0,0,2
freeCodeCamp/freeCodeCamp,59202,closed,True,2025-03-10T10:43:59Z,2025-03-11T03:43:57Z,11,0,5,829,0,2,3
freeCodeCamp/freeCodeCamp,59201,closed,True,2025-03-10T08:54:20Z,2025-03-10T11:35:27Z,645,3089,1,1454,1,0,2
freeCodeCamp/freeCodeCamp,59200,closed,True,2025-03-09T20:57:43Z,2025-03-10T05:37:18Z,1,1,1,794,0,0,2
freeCodeCamp/freeCodeCamp,59198,closed,True,2025-03-09T19:35:26Z,2025-03-11T00:26:26Z,12,12,11,752,0,2,3
freeCodeCamp/freeCodeCamp,59195,closed,True,2025-03-09T18:15:57Z,2025-03-10T09:03:32Z,1,1,1,750,0,0,2
freeCodeCamp/freeCodeCamp,59190,closed,True,2025-03-09T05:50:14Z,2025-03-10T11:50:38Z,9,1,1,1149,0,1,2
freeCodeCamp/freeCodeCamp,59187,closed,True,2025-03-08T12:51:50Z,2025-03-09T06:26:41Z,12,0,1,1131,0,0,2
freeCodeCamp/freeCodeCamp,59185,closed,True,2025-03-08T06:15:16Z,2025-03-08T11:49:40Z,0,4,1,70,0,0,2
freeCodeCamp/freeCodeCamp,59184,closed,True,2025-03-07T22:24:59Z,2025-03-11T09:21:02Z,550,116,12,1996,1,7,3
freeCodeCamp/freeCodeCamp,59183,closed,True,2025-03-07T18:34:44Z,2025-03-11T11:20:08Z,580,480,8,551,0,3,3
freeCodeCamp/freeCodeCamp,59182,closed,True,2025-03-07T17:51:19Z,2025-03-08T10:16:46Z,2,2,1,931,2,0,2
freeCodeCamp/freeCodeCamp,59181,closed,True,2025-03-07T16:11:36Z,2025-03-08T14:53:55Z,3,3,1,907,0,0,2
freeCodeCamp/freeCodeCamp,59180,closed,True,2025-03-07T11:49:59Z,2025-03-07T12:29:28Z,1,1,1,47,0,0,2
freeCodeCamp/freeCodeCamp,59179,closed,True,2025-03-07T11:01:01Z,2025-04-02T18:50:43Z,64,94,10,967,0,2,3
freeCodeCamp/freeCodeCamp,59178,closed,True,2025-03-07T09:02:13Z,2025-03-07T22:36:34Z,5,46,7,771,0,0,2
freeCodeCamp/freeCodeCamp,59177,closed,True,2025-03-07T07:08:16Z,2025-03-07T09:01:39Z,3,3,1,750,0,0,2
freeCodeCamp/freeCodeCamp,59176,closed,True,2025-03-07T06:02:38Z,2025-03-07T09:46:53Z,4,4,1,1069,3,0,2
freeCodeCamp/freeCodeCamp,59174,closed,True,2025-03-06T22:42:01Z,2025-03-07T12:14:47Z,3,4,1,750,0,0,2
freeCodeCamp/freeCodeCamp,59172,closed,True,2025-03-06T21:01:25Z,2025-03-07T12:20:04Z,1,1,1,750,0,0,2
freeCodeCamp/freeCodeCamp,59170,closed,True,2025-03-06T20:21:29Z,2025-03-07T13:14:20Z,1,1,1,750,0,0,2
freeCodeCamp/freeCodeCamp,59169,closed,True,2025-03-06T19:43:51Z,2025-03-10T23:52:04Z,451,1,5,553,0,8,2
freeCodeCamp/freeCodeCamp,59168,closed,True,2025-03-06T18:38:13Z,2025-03-31T15:33:54Z,1,1,1,750,3,0,2
freeCodeCamp/freeCodeCamp,59166,closed,True,2025-03-06T18:03:05Z,2025-03-07T02:16:52Z,1,1,1,568,0,4,3
freeCodeCamp/freeCodeCamp,59164,closed,True,2025-03-06T13:56:15Z,2025-03-08T15:17:03Z,2,2,2,858,1,0,2
freeCodeCamp/freeCodeCamp,59163,closed,True,2025-03-06T11:52:30Z,2025-03-07T11:15:56Z,2,1,1,1031,1,0,2
freeCodeCamp/freeCodeCamp,59161,closed,True,2025-03-06T11:24:00Z,2025-03-07T22:42:46Z,21,30,1,1032,2,0,2
freeCodeCamp/freeCodeCamp,59160,closed,True,2025-03-06T11:10:41Z,2025-04-01T20:46:57Z,13,12,1,830,0,1,2
freeCodeCamp/freeCodeCamp,59159,closed,True,2025-03-06T10:46:09Z,2025-03-25T02:05:32Z,8,0,1,737,0,0,2
freeCodeCamp/freeCodeCamp,59156,closed,True,2025-03-06T01:02:36Z,2025-03-06T12:03:21Z,1,1,1,750,0,0,2
freeCodeCamp/freeCodeCamp,59155,closed,True,2025-03-05T23:37:13Z,2025-03-06T12:02:19Z,112,112,88,511,0,0,2
freeCodeCamp/freeCodeCamp,59154,closed,True,2025-03-05T22:43:15Z,2025-03-07T09:21:31Z,162,75,2,739,0,0,2
freeCodeCamp/freeCodeCamp,59153,closed,True,2025-03-05T21:57:02Z,2025-03-06T07:26:34Z,2,2,1,750,0,0,2
freeCodeCamp/freeCodeCamp,59152,closed,True,2025-03-05T21:45:23Z,2025-03-08T15:58:25Z,7,7,1,750,1,0,2
freeCodeCamp/freeCodeCamp,59150,closed,True,2025-03-05T21:10:40Z,2025-03-14T18:31:58Z,1007,1246,94,1081,0,0,2
freeCodeCamp/freeCodeCamp,59149,closed,True,2025-03-05T19:33:29Z,2025-03-05T20:28:41Z,2,2,1,750,0,0,2
freeCodeCamp/freeCodeCamp,59148,closed,True,2025-03-05T19:30:08Z,2025-03-06T07:31:26Z,27,1,1,1000,0,0,2
freeCodeCamp/freeCodeCamp,59146,closed,True,2025-03-05T18:34:57Z,2025-03-05T20:11:55Z,1,1,1,751,0,1,2
freeCodeCamp/freeCodeCamp,59144,closed,True,2025-03-05T17:39:39Z,2025-03-08T09:50:37Z,104,64,1,748,0,0,2
freeCodeCamp/freeCodeCamp,59143,closed,True,2025-03-05T16:46:00Z,2025-03-05T18:59:13Z,2,2,2,515,2,2,2
freeCodeCamp/freeCodeCamp,59142,closed,True,2025-03-05T16:01:15Z,2025-03-06T13:40:32Z,4,4,2,872,0,1,2
freeCodeCamp/freeCodeCamp,59141,closed,True,2025-03-05T14:01:41Z,2025-03-05T16:14:48Z,1,1,1,47,0,0,2
freeCodeCamp/freeCodeCamp,59140,closed,True,2025-03-05T13:13:55Z,2025-03-13T05:29:45Z,8,9,4,754,0,5,4
freeCodeCamp/freeCodeCamp,59139,closed,True,2025-03-05T12:45:55Z,2025-04-01T21:05:05Z,86,5,1,670,0,0,2
freeCodeCamp/freeCodeCamp,59138,closed,True,2025-03-05T12:26:27Z,2025-03-05T16:15:22Z,30,10,10,45,0,0,2
freeCodeCamp/freeCodeCamp,59137,closed,True,2025-03-05T10:57:49Z,2025-03-05T11:37:56Z,8,8,5,425,4,0,2
freeCodeCamp/freeCodeCamp,59134,closed,True,2025-03-05T03:00:41Z,2025-03-05T08:24:39Z,3,3,1,750,0,0,2
freeCodeCamp/freeCodeCamp,59132,closed,True,2025-03-05T00:52:55Z,2025-03-05T09:00:58Z,1,1,1,750,1,0,2
freeCodeCamp/freeCodeCamp,59131,closed,True,2025-03-04T22:17:02Z,2025-03-07T10:22:47Z,129,1,2,553,0,19,2
freeCodeCamp/freeCodeCamp,59130,closed,True,2025-03-04T19:58:07Z,2025-03-11T16:57:00Z,262,1,5,553,0,14,4
freeCodeCamp/freeCodeCamp,59128,closed,True,2025-03-04T16:37:15Z,2025-03-17T18:57:19Z,3006,2450,451,1112,0,0,2
freeCodeCamp/freeCodeCamp,59124,closed,True,2025-03-04T14:49:08Z,2025-03-04T15:50:18Z,10,1,1,745,0,0,2
freeCodeCamp/freeCodeCamp,59123,closed,True,2025-03-04T14:28:34Z,2025-03-07T16:48:03Z,43,21,1,736,0,0,2
freeCodeCamp/freeCodeCamp,59118,closed,True,2025-03-04T04:35:03Z,2025-03-04T07:55:08Z,3,3,2,877,0,0,2
freeCodeCamp/freeCodeCamp,59114,closed,True,2025-03-03T21:37:01Z,2025-03-04T07:02:31Z,1,1,1,892,0,0,2
freeCodeCamp/freeCodeCamp,59113,closed,True,2025-03-03T21:25:22Z,2025-04-01T20:32:53Z,56,19,4,1048,10,3,2
freeCodeCamp/freeCodeCamp,59112,closed,True,2025-03-03T21:15:45Z,2025-03-11T16:42:22Z,15942,40,158,549,0,126,3
freeCodeCamp/freeCodeCamp,59111,closed,True,2025-03-03T19:19:44Z,2025-03-04T14:17:04Z,1,1,1,797,0,0,2
freeCodeCamp/freeCodeCamp,59109,closed,True,2025-03-03T19:08:36Z,2025-03-05T19:20:53Z,11,0,1,836,0,0,2
freeCodeCamp/freeCodeCamp,59108,closed,True,2025-03-03T14:05:00Z,2025-04-02T20:06:52Z,143,22,1,799,1,1,3
freeCodeCamp/freeCodeCamp,59107,closed,True,2025-03-03T14:02:38Z,2025-03-03T16:59:31Z,1,1,1,47,0,0,2
freeCodeCamp/freeCodeCamp,59105,closed,True,2025-03-03T13:20:15Z,2025-03-10T11:48:50Z,57,57,6,1376,3,4,3
freeCodeCamp/freeCodeCamp,59104,closed,True,2025-03-03T12:26:04Z,2025-03-03T16:59:53Z,33,23,11,45,0,0,2
freeCodeCamp/freeCodeCamp,59102,closed,True,2025-03-03T11:56:01Z,2025-03-04T14:02:15Z,45,7,1,799,0,1,2
freeCodeCamp/freeCodeCamp,59101,closed,True,2025-03-03T09:54:43Z,2025-03-04T14:45:13Z,1,1,1,989,1,0,2
freeCodeCamp/freeCodeCamp,59100,closed,True,2025-03-03T09:16:50Z,2025-03-04T06:57:15Z,4,4,2,1163,0,0,2
freeCodeCamp/freeCodeCamp,59099,closed,True,2025-03-03T08:06:22Z,2025-03-03T10:39:35Z,186,0,31,931,0,0,2
freeCodeCamp/freeCodeCamp,59098,closed,True,2025-03-03T07:17:51Z,2025-03-03T11:22:41Z,2,2,2,1048,1,0,2
freeCodeCamp/freeCodeCamp,59097,closed,True,2025-03-03T04:39:39Z,2025-03-03T11:35:22Z,1,1,1,948,1,1,2
freeCodeCamp/freeCodeCamp,59096,closed,True,2025-03-03T00:40:20Z,2025-03-04T06:25:54Z,4,3,1,1110,0,2,3
freeCodeCamp/freeCodeCamp,59095,closed,True,2025-03-02T23:42:53Z,2025-03-03T08:11:25Z,1,11,1,750,0,0,2
freeCodeCamp/freeCodeCamp,59092,closed,True,2025-03-02T19:27:10Z,2025-03-03T05:01:37Z,2,2,2,1111,0,0,2
freeCodeCamp/freeCodeCamp,59090,closed,True,2025-03-02T19:06:38Z,2025-03-03T18:47:59Z,2,2,2,1048,3,0,2
freeCodeCamp/freeCodeCamp,59086,closed,True,2025-03-02T11:19:22Z,2025-03-03T17:56:58Z,1,6,1,1109,0,2,3
freeCodeCamp/freeCodeCamp,59085,closed,True,2025-03-01T11:15:05Z,2025-03-02T17:27:01Z,1,1,1,979,2,0,2
freeCodeCamp/freeCodeCamp,59074,closed,True,2025-02-28T17:07:20Z,2025-03-06T07:52:51Z,36,78,5,984,0,0,2
freeCodeCamp/freeCodeCamp,59070,closed,True,2025-02-28T14:29:49Z,2025-03-10T17:57:24Z,5,1,1,736,0,1,2
freeCodeCamp/freeCodeCamp,59069,closed,True,2025-02-28T14:26:47Z,2025-03-01T17:15:25Z,1,1,1,624,0,1,2
freeCodeCamp/freeCodeCamp,59068,closed,True,2025-02-28T14:22:57Z,2025-03-11T16:19:19Z,7,4,1,738,0,3,2
freeCodeCamp/freeCodeCamp,59067,closed,True,2025-02-28T13:49:02Z,2025-02-28T18:59:19Z,1,1,1,733,0,0,2
freeCodeCamp/freeCodeCamp,59066,closed,True,2025-02-28T13:41:02Z,2025-02-28T20:18:20Z,1,135,4,852,0,0,2
freeCodeCamp/freeCodeCamp,59065,closed,True,2025-02-28T13:00:21Z,2025-03-01T11:05:33Z,6,4,1,47,0,0,2
freeCodeCamp/freeCodeCamp,59063,closed,True,2025-02-28T11:21:04Z,2025-03-11T16:15:37Z,68,17,1,800,0,2,3
freeCodeCamp/freeCodeCamp,59062,closed,True,2025-02-28T11:12:02Z,2025-03-03T13:42:39Z,2,0,1,0,0,0,2
freeCodeCamp/freeCodeCamp,59060,closed,True,2025-02-28T10:06:34Z,2025-03-04T23:54:27Z,56,20,1,833,0,0,2
freeCodeCamp/freeCodeCamp,59059,closed,True,2025-02-28T10:05:28Z,2025-03-03T13:44:38Z,3,0,1,31,0,0,2
freeCodeCamp/freeCodeCamp,59058,closed,True,2025-02-28T09:46:36Z,2025-03-11T15:43:28Z,3,0,1,60,0,0,2
freeCodeCamp/freeCodeCamp,59057,closed,True,2025-02-28T09:25:18Z,2025-03-04T14:13:11Z,5,0,1,0,0,0,2
freeCodeCamp/freeCodeCamp,59056,closed,True,2025-02-28T09:12:17Z,2025-03-10T18:21:03Z,15,0,1,750,0,0,2
freeCodeCamp/freeCodeCamp,59055,closed,True,2025-02-28T08:48:50Z,2025-03-04T20:25:47Z,3,1,1,752,0,0,2
freeCodeCamp/freeCodeCamp,59053,closed,True,2025-02-28T05:12:44Z,2025-03-05T19:54:08Z,58,44,4,1349,14,2,3
freeCodeCamp/freeCodeCamp,59052,closed,True,2025-02-28T04:44:49Z,2025-03-01T17:49:07Z,1,1,1,802,0,0,2
freeCodeCamp/freeCodeCamp,59050,closed,True,2025-02-27T20:28:38Z,2025-02-28T16:12:23Z,10,10,1,1277,0,0,2
freeCodeCamp/freeCodeCamp,59046,closed,True,2025-02-27T17:03:18Z,2025-02-27T19:10:57Z,1,1,1,750,0,0,2
freeCodeCamp/freeCodeCamp,59045,closed,True,2025-02-27T16:42:51Z,2025-02-28T20:31:29Z,2,2,2,801,0,0,3
freeCodeCamp/freeCodeCamp,59044,closed,False,2025-02-27T16:19:52Z,2025-04-02T15:12:21Z,82,14,20,1558,1,0,1
freeCodeCamp/freeCodeCamp,59043,closed,False,2025-02-27T15:49:58Z,2025-03-13T04:42:05Z,2,2,1,823,1,0,1
freeCodeCamp/freeCodeCamp,59042,closed,True,2025-02-27T14:35:43Z,2025-03-02T18:28:54Z,2,0,1,947,0,0,2
freeCodeCamp/freeCodeCamp,59041,closed,False,2025-02-27T14:18:00Z,2025-02-28T10:36:53Z,2,2,1,817,2,5,2
freeCodeCamp/freeCodeCamp,59040,closed,True,2025-02-27T14:04:29Z,2025-04-02T16:35:04Z,18,5,2,1023,0,4,3
freeCodeCamp/freeCodeCamp,59039,closed,True,2025-02-27T13:28:25Z,2025-02-27T19:33:11Z,1,1,1,765,1,0,2
freeCodeCamp/freeCodeCamp,59037,closed,True,2025-02-27T10:58:10Z,2025-03-10T05:54:38Z,18,15,1,799,0,0,2
freeCodeCamp/freeCodeCamp,59034,closed,True,2025-02-27T10:16:40Z,2025-02-27T11:18:05Z,1,1,1,414,1,0,2
freeCodeCamp/freeCodeCamp,59033,closed,True,2025-02-27T09:56:36Z,2025-03-07T09:15:05Z,12,8,1,750,2,4,3
freeCodeCamp/freeCodeCamp,59031,closed,True,2025-02-27T07:24:48Z,2025-03-07T07:27:36Z,20,0,2,1125,2,5,4
freeCodeCamp/freeCodeCamp,59029,closed,True,2025-02-27T04:10:42Z,2025-03-03T17:18:44Z,18,20,1,928,0,0,2
freeCodeCamp/freeCodeCamp,59026,closed,True,2025-02-27T03:31:35Z,2025-03-01T17:19:01Z,2,0,1,1084,0,0,2
freeCodeCamp/freeCodeCamp,59025,closed,True,2025-02-27T00:21:33Z,2025-03-10T11:30:04Z,442,0,1,940,12,18,3
freeCodeCamp/freeCodeCamp,59019,closed,True,2025-02-26T18:59:55Z,2025-03-11T19:55:54Z,4492,1844,11,750,5,0,2
freeCodeCamp/freeCodeCamp,59013,closed,True,2025-02-26T15:18:28Z,2025-02-27T20:28:13Z,82,1,1,789,0,2,4
freeCodeCamp/freeCodeCamp,59010,closed,False,2025-02-26T14:21:16Z,2025-02-27T00:16:59Z,487,0,1,925,1,0,1
freeCodeCamp/freeCodeCamp,59009,closed,True,2025-02-26T14:02:55Z,2025-02-26T14:54:11Z,1,1,1,47,0,0,2
freeCodeCamp/freeCodeCamp,59007,closed,True,2025-02-26T12:26:12Z,2025-02-26T14:40:23Z,20,10,10,45,0,0,2
freeCodeCamp/freeCodeCamp,59006,closed,True,2025-02-26T10:43:13Z,2025-02-26T20:17:41Z,2,1,1,1036,0,0,2
freeCodeCamp/freeCodeCamp,59002,closed,False,2025-02-26T08:35:05Z,2025-02-26T09:25:08Z,2,2,2,416,2,0,1
freeCodeCamp/freeCodeCamp,59001,closed,True,2025-02-26T08:17:27Z,2025-02-28T12:03:19Z,531,25,43,1218,7,0,2
freeCodeCamp/freeCodeCamp,58999,closed,True,2025-02-26T04:59:39Z,2025-02-26T10:03:06Z,3,3,1,838,2,2,3
freeCodeCamp/freeCodeCamp,58997,closed,True,2025-02-25T23:23:57Z,2025-02-26T09:07:46Z,3,3,1,750,2,0,2
freeCodeCamp/freeCodeCamp,58996,closed,True,2025-02-25T22:52:15Z,2025-02-28T07:49:56Z,13,0,1,750,0,0,2
freeCodeCamp/freeCodeCamp,58993,closed,True,2025-02-25T21:44:39Z,2025-02-26T16:19:45Z,9,1,1,750,0,0,2
freeCodeCamp/freeCodeCamp,58986,closed,False,2025-02-25T18:52:42Z,2025-02-28T07:15:24Z,2,2,1,750,1,2,2
freeCodeCamp/freeCodeCamp,58985,closed,True,2025-02-25T18:48:18Z,2025-02-28T07:13:30Z,2,2,1,843,0,0,2
freeCodeCamp/freeCodeCamp,58983,closed,True,2025-02-25T15:46:09Z,2025-02-27T19:23:41Z,219,5,5,733,1,11,2
freeCodeCamp/freeCodeCamp,58982,closed,True,2025-02-25T15:15:24Z,2025-03-10T11:45:47Z,12,0,2,1511,5,2,2
freeCodeCamp/freeCodeCamp,58981,closed,True,2025-02-25T14:27:58Z,2025-02-27T23:56:00Z,15,3,1,652,0,1,3
freeCodeCamp/freeCodeCamp,58978,closed,True,2025-02-25T12:26:28Z,2025-03-03T20:27:00Z,84,2,2,750,1,6,3
freeCodeCamp/freeCodeCamp,58977,closed,True,2025-02-25T11:29:26Z,2025-03-03T10:49:04Z,84,3,2,733,0,2,2
freeCodeCamp/freeCodeCamp,58973,closed,True,2025-02-25T06:54:18Z,2025-02-26T08:37:07Z,4,4,1,794,0,1,2
freeCodeCamp/freeCodeCamp,58972,closed,False,2025-02-24T23:23:22Z,2025-02-28T05:50:40Z,873,222,79,1251,7,3,2
freeCodeCamp/freeCodeCamp,58971,closed,True,2025-02-24T21:22:53Z,2025-03-03T14:46:49Z,461,0,1,750,15,33,4
freeCodeCamp/freeCodeCamp,58970,closed,True,2025-02-24T18:05:44Z,2025-02-26T07:17:52Z,90,2,2,789,0,4,3
freeCodeCamp/freeCodeCamp,58969,closed,True,2025-02-24T17:09:46Z,2025-02-26T15:23:54Z,124,3,3,750,0,3,2
freeCodeCamp/freeCodeCamp,58967,closed,True,2025-02-24T15:51:26Z,2025-02-27T19:17:58Z,423,7,7,733,0,35,2
freeCodeCamp/freeCodeCamp,58964,closed,True,2025-02-24T14:49:04Z,2025-02-24T17:28:31Z,1,1,1,808,0,0,2
freeCodeCamp/freeCodeCamp,58963,closed,True,2025-02-24T14:03:49Z,2025-02-24T17:28:52Z,1,1,1,47,0,0,2
freeCodeCamp/freeCodeCamp,58960,closed,True,2025-02-24T12:26:19Z,2025-02-24T17:34:45Z,70,72,10,45,0,0,2
freeCodeCamp/freeCodeCamp,58956,closed,True,2025-02-24T04:07:15Z,2025-02-24T14:33:13Z,4,8,2,830,0,0,2
freeCodeCamp/freeCodeCamp,58955,closed,True,2025-02-24T01:32:43Z,2025-02-24T10:28:56Z,1,1,1,750,0,0,2
freeCodeCamp/freeCodeCamp,58953,closed,True,2025-02-23T20:55:53Z,2025-03-07T09:09:30Z,26,26,7,750,4,10,3
freeCodeCamp/freeCodeCamp,58949,closed,True,2025-02-23T12:21:24Z,2025-04-02T18:43:48Z,1,1,1,676,2,1,2
freeCodeCamp/freeCodeCamp,58948,closed,True,2025-02-23T11:59:25Z,2025-03-03T19:54:35Z,1,1,1,750,4,0,3
freeCodeCamp/freeCodeCamp,58946,closed,True,2025-02-23T00:13:04Z,2025-02-24T11:15:55Z,4,16,1,838,0,1,2
freeCodeCamp/freeCodeCamp,58943,closed,True,2025-02-22T15:06:11Z,2025-03-05T03:19:44Z,13942,39,139,852,6,156,4
freeCodeCamp/freeCodeCamp,58942,closed,True,2025-02-22T08:34:25Z,2025-02-25T09:28:27Z,16,4,1,1094,3,0,3
freeCodeCamp/freeCodeCamp,58940,closed,True,2025-02-22T07:51:37Z,2025-02-22T09:03:02Z,4,4,1,789,0,0,2
freeCodeCamp/freeCodeCamp,58937,closed,True,2025-02-21T17:49:23Z,2025-02-25T06:43:23Z,2,3,2,781,0,0,2
freeCodeCamp/freeCodeCamp,58935,closed,True,2025-02-21T17:00:17Z,2025-02-21T21:23:43Z,2,2,1,751,1,0,2
freeCodeCamp/freeCodeCamp,58934,closed,True,2025-02-21T15:28:23Z,2025-02-24T17:14:09Z,22,3,1,735,0,0,2
freeCodeCamp/freeCodeCamp,58933,closed,True,2025-02-21T15:00:07Z,2025-02-24T17:15:24Z,9,2,1,735,0,0,2
freeCodeCamp/freeCodeCamp,58929,closed,True,2025-02-21T12:52:35Z,2025-02-28T15:16:48Z,172,2,2,735,0,27,2
freeCodeCamp/freeCodeCamp,58928,closed,True,2025-02-21T11:10:20Z,2025-02-21T14:01:52Z,30,40,3,828,0,0,2
freeCodeCamp/freeCodeCamp,58927,closed,True,2025-02-21T09:50:28Z,2025-02-21T10:20:45Z,3,3,2,883,1,0,2
freeCodeCamp/freeCodeCamp,58925,closed,True,2025-02-21T09:20:49Z,2025-02-23T01:29:00Z,32,68,2,924,0,0,2
freeCodeCamp/freeCodeCamp,58924,closed,True,2025-02-21T09:16:40Z,2025-02-24T17:13:10Z,94,83,3,1211,0,0,2
freeCodeCamp/freeCodeCamp,58920,closed,True,2025-02-21T01:08:09Z,2025-02-24T08:47:23Z,6,20,4,649,0,0,2
freeCodeCamp/freeCodeCamp,58918,closed,True,2025-02-21T00:17:05Z,2025-02-21T00:56:33Z,0,24,2,1139,0,0,1
freeCodeCamp/freeCodeCamp,58916,closed,True,2025-02-20T16:05:54Z,2025-02-20T18:34:50Z,1,1,1,750,1,0,2
freeCodeCamp/freeCodeCamp,58913,closed,True,2025-02-20T12:47:59Z,2025-02-21T07:41:53Z,1,1,1,668,0,0,2
freeCodeCamp/freeCodeCamp,58912,closed,True,2025-02-20T11:47:12Z,2025-02-25T20:35:34Z,1276,179,6,880,1,2,3
freeCodeCamp/freeCodeCamp,58906,closed,True,2025-02-20T05:48:15Z,2025-02-20T14:29:01Z,10,10,1,410,0,0,2
